{"cameraMode":{"drawMode":0,"name":"Shaded","section":"Shading Mode"},"sceneLighting":true,"audioPlay":false,"sceneViewState":{"showFog":true,"showMaterialUpdate":false,"showSkybox":true,"showFlares":true,"showImageEffects":true,"showParticleSystems":true},"in2DMode":false,"pivot":{"x":-10.393108367919922,"y":-4.266009330749512,"z":10.351808547973633},"rotation":{"x":0.15578031539916993,"y":0.0769636482000351,"z":-0.012175515294075013,"w":0.9847135543823242},"size":24.78070068359375,"orthographic":false}