{"cameraMode":{"drawMode":0,"name":"Shaded","section":"Shading Mode"},"sceneLighting":true,"audioPlay":false,"sceneViewState":{"showFog":true,"showMaterialUpdate":false,"showSkybox":false,"showFlares":true,"showImageEffects":true,"showParticleSystems":true},"in2DMode":false,"pivot":{"x":-31.183963775634767,"y":29.77367401123047,"z":81.46733093261719},"rotation":{"x":0.07173531502485275,"y":0.9272806644439697,"z":-0.23667354881763459,"w":0.28105729818344118},"size":16.275724411010743,"orthographic":false}