{"cameraMode":{"drawMode":0,"name":"Shaded","section":"Shading Mode"},"sceneLighting":true,"audioPlay":false,"sceneViewState":{"showFog":true,"showMaterialUpdate":false,"showSkybox":true,"showFlares":true,"showImageEffects":true,"showParticleSystems":true},"in2DMode":false,"pivot":{"x":-16.117469787597658,"y":37.848114013671878,"z":41.435340881347659},"rotation":{"x":0.18388907611370088,"y":0.1410035490989685,"z":-0.026664508506655694,"w":0.9724158644676209},"size":70.45442962646485,"orthographic":false}