{"cameraMode":{"drawMode":0,"name":"Shaded","section":"Shading Mode"},"sceneLighting":true,"audioPlay":false,"sceneViewState":{"showFog":true,"showMaterialUpdate":false,"showSkybox":false,"showFlares":true,"showImageEffects":true,"showParticleSystems":true},"in2DMode":false,"pivot":{"x":-78.12032318115235,"y":25.387187957763673,"z":53.93290710449219},"rotation":{"x":0.13249462842941285,"y":0.7832686305046082,"z":-0.17877532541751862,"w":0.5804998874664307},"size":9.328811645507813,"orthographic":false}