{"cameraMode":{"drawMode":0,"name":"Shaded","section":"Shading Mode"},"sceneLighting":true,"audioPlay":false,"sceneViewState":{"showFog":true,"showMaterialUpdate":false,"showSkybox":false,"showFlares":true,"showImageEffects":true,"showParticleSystems":true},"in2DMode":false,"pivot":{"x":-57.476173400878909,"y":30.79714012145996,"z":65.06583404541016},"rotation":{"x":0.10383948683738709,"y":0.6363819241523743,"z":-0.08701963722705841,"w":0.7593847513198853},"size":4.648611545562744,"orthographic":false}