{"cameraMode":{"drawMode":0,"name":"Shaded","section":"Shading Mode"},"sceneLighting":true,"audioPlay":false,"sceneViewState":{"showFog":true,"showMaterialUpdate":false,"showSkybox":true,"showFlares":true,"showImageEffects":true,"showParticleSystems":true},"in2DMode":false,"pivot":{"x":-5.378627777099609,"y":3.2372825145721437,"z":1770.0025634765625},"rotation":{"x":-0.38651373982429507,"y":-0.16544729471206666,"z":0.07069581001996994,"w":-0.9045673608779907},"size":1.3400542736053467,"orthographic":false}