{"cameraMode":{"drawMode":0,"name":"Shaded","section":"Shading Mode"},"sceneLighting":false,"audioPlay":false,"sceneViewState":{"showFog":true,"showMaterialUpdate":false,"showSkybox":false,"showFlares":true,"showImageEffects":true,"showParticleSystems":true},"in2DMode":false,"pivot":{"x":3.214759111404419,"y":0.9595363736152649,"z":-1.509625792503357},"rotation":{"x":-0.05579628422856331,"y":0.9441684484481812,"z":-0.22536727786064149,"w":-0.2337566465139389},"size":1.588665246963501,"orthographic":false}