{"cameraMode":{"drawMode":0,"name":"Shaded","section":"Shading Mode"},"sceneLighting":false,"audioPlay":false,"sceneViewState":{"showFog":true,"showMaterialUpdate":false,"showSkybox":false,"showFlares":true,"showImageEffects":true,"showParticleSystems":true},"in2DMode":false,"pivot":{"x":5.86444091796875,"y":3.5385336875915529,"z":42.41999816894531},"rotation":{"x":-0.1289384514093399,"y":-0.013968321494758129,"z":0.0018245044630020857,"w":-0.9915663003921509},"size":6.451744556427002,"orthographic":false}