{"cameraMode":{"drawMode":0,"name":"Shaded","section":"Shading Mode"},"sceneLighting":false,"audioPlay":false,"sceneViewState":{"showFog":true,"showMaterialUpdate":false,"showSkybox":false,"showFlares":true,"showImageEffects":true,"showParticleSystems":true},"in2DMode":false,"pivot":{"x":-5.400027275085449,"y":2.9999842643737795,"z":629.0679321289063},"rotation":{"x":0.32114487886428835,"y":0.34632769227027895,"z":-0.1275256723165512,"w":0.8721663355827332},"size":3.459428310394287,"orthographic":false}